id,name,url,status,final_url,note
"63","Equilibria Balance Drops","https://shop.myeq.com/products/daily-drops-regular-strength","200","https://shop.myeq.com/products/daily-drops-regular-strength",""
"90","Hybrid Gummies","https://hellobatch.com/products/thc-gummies?variant=43613922197712","200","https://hellobatch.com/products/thc-gummies?variant=43613922197712",""
"54","1906 Go Drops","https://1906.shop/collections/shop-all/products/go","200","https://1906.shop/collections/shop-all/products/go",""
"92","Calm CBD Oil Tincture","https://hellobatch.com/products/calm-cbd-oil-tincture","200","https://hellobatch.com/products/calm-cbd-oil-tincture",""
"76","Full Spectrum Sleep CBD Gummies 750mg","https://www.cornbreadhemp.com/products/cbd-sleep-gummies","403","https://www.cornbreadhemp.com/products/cbd-sleep-gummies",""
"78","Nighttime Gummy","https://hellobatch.com/products/cbn-gummies","200","https://hellobatch.com/products/cbn-gummies",""
"105","Fire and Ice Balm","https://hellobatch.com/products/cbd-balm-fire-ice","200","https://hellobatch.com/products/cbd-balm-fire-ice",""
"91","Original Gummies","https://hellobatch.com/products/cbd-gummies","200","https://hellobatch.com/products/cbd-gummies",""
"89","Uplift Gummies","https://hellobatch.com/products/thc-gummies?variant=43613924688080","200","https://hellobatch.com/products/thc-gummies?variant=43613924688080",""
"88","Mellow Gummies","https://hellobatch.com/products/thc-gummies?variant=43148342460624","200","https://hellobatch.com/products/thc-gummies?variant=43148342460624",""
"55","1906 Genius Drops","https://1906.shop/collections/shop-all/products/genius","200","https://1906.shop/collections/shop-all/products/genius",""
"80","CBDfx Lights Out Low Dose Sugar-Free Gummies","https://cbdx.com/products/lights-out-premium-sugar-free-sleep-gummies","200","https://cbdx.com/products/lights-out-premium-sugar-free-sleep-gummies",""
"23","Equilibria Relief Cream","https://shop.myeq.com/products/relief-balm","200","https://shop.myeq.com/products/relief-balm",""
"70","Foria Relief Suppositories","https://www.foriawellness.com/products/relief-melts-cbd","200","https://www.foriawellness.com/products/relief-melts-cbd",""
"84","Stress Watermelon Gummies","https://goldnaturalshemp.com/products/stress-relief-gummy","200","https://goldnaturalshemp.com/products/stress-relief-gummy",""
"87","Broad Spectrum 2500mg Tincture","https://partneredprocess.com/products/partnered-proof-broad-spectrum-oil-2-500mg","200","https://partneredprocess.com/products/partnered-proof-broad-spectrum-oil-2-500mg",""
"35","Cann Original — Grapefruit Rosemary","https://drinkcann.com/products/the-cann","200","https://drinkcann.com/products/the-cann",""
"96","R&R 1000mg Fresh Mint Full Spectrum Tincture","https://www.rrmeds.com/products/multifunctional-cbd-tinctures?variant=29122588934197","200","https://www.rrmeds.com/products/multifunctional-cbd-tinctures?variant=29122588934197",""
"116","Daily Moisturizing Lotion 1200mg (Hormonal)","https://partneredprocess.com/products/partners-daily-moisturizing-lotion-1200mg-cbd-unscented","200","https://partneredprocess.com/products/partners-daily-moisturizing-lotion-1200mg-cbd-unscented",""
"117","TribeTokes CBD Libido Lift Gummies","https://tribetokes.com/product-item/thc-libido-sex-gummies/","200","https://tribetokes.com/product-item/thc-libido-sex-gummies/",""
"108","R&R 1000mg Full Spectrum CBD Pain Cream","https://www.rrmeds.com/products/cbd-pain-creams?variant=42461428351174","200","https://www.rrmeds.com/products/cbd-pain-creams?variant=42461428351174",""
"94","R&R De-Stress Gummies","https://www.rrmeds.com/products/cbd-de-stress-gummies?srsltid=AfmBOor2Afcrm_PM4u0VY3z8Q5jriL2uvHa_iYiuZxy78YHYtKL7GyO_","200","https://www.rrmeds.com/products/cbd-de-stress-gummies?srsltid=AfmBOor2Afcrm_PM4u0VY3z8Q5jriL2uvHa_iYiuZxy78YHYtKL7GyO_",""
"109","R&R 2500mg Full Spectrum CBD Pain Roll-On","https://www.rrmeds.com/products/cbd-pain-roll-on","200","https://www.rrmeds.com/products/cbd-pain-creams",""
"112","Focus (Mushrooms + Adaptogens)","https://www.cornbreadhemp.com/products/mushroom-focus-gummies","403","https://www.cornbreadhemp.com/products/mushroom-focus-gummies",""
"113","CBG Oil","https://joyorganics.com/products/organic-cbg-cbd-tincture","200","https://joyorganics.com/products/organic-cbg-cbd-tincture",""
"22","Equilibria Daily Softgels","https://shop.myeq.com/products/daily-softgels-regular-strength","200","https://shop.myeq.com/products/daily-softgels-regular-strength",""
"46","Foria Awaken Arousal Oil","https://www.foriawellness.com/products/awaken-arousal-oil-cbd","200","https://www.foriawellness.com/products/awaken-arousal-oil-cbd",""
"119","R&R CBD Sleep Gummies","https://www.rrmeds.com/products/cbd-sleep-gummies","200","https://www.rrmeds.com/products/cbd-sleep-gummies",""
"118","Papa & Barkley CBD/CBN Sleep Gummies","https://www.papaandbarkley.com/products/cbd-cbn-sleep-releaf-gummies","200","https://www.papaandbarkley.com/products/cbd-cbn-sleep-releaf-gummies",""
"21","Equilibria Daily Drops (Full Spectrum CBD Tincture)","https://shop.myeq.com/products/daily-drops-regular-strength","200","https://shop.myeq.com/products/daily-drops-regular-strength",""
"95","R&R 2500mg Unflavored Full Spectrum Tincture","https://www.rrmeds.com/products/multifunctional-cbd-tinctures?variant=43891793002694","200","https://www.rrmeds.com/products/multifunctional-cbd-tinctures?variant=43891793002694",""
"114","CBDfx Sky High Low Dose Sugar-Free Gummies","https://cbdx.com/products/sky-high-premium-sugar-free-hybrid-gummies","200","https://cbdx.com/products/sky-high-premium-sugar-free-hybrid-gummies",""
"71","Cornbread Hemp Full Spectrum CBD Gummies","https://www.cornbreadhemp.com/products/full-spectrum-cbd-gummies","403","https://www.cornbreadhemp.com/products/full-spectrum-cbd-gummies",""
"48","1906 Love Drops","https://1906.shop/collections/shop-all/products/love","200","https://1906.shop/collections/shop-all/products/love",""
"24","Equilibria Calm Drops (Extra Strength)","https://shop.myeq.com/products/daily-drops-extra-strength","200","https://shop.myeq.com/products/daily-drops-extra-strength",""
"66","Charlotte's Web Daily Wellness CBD Oil","https://www.charlottesweb.com/products/17-mg-cbd-oil-full-spectrum","200","https://www.charlottesweb.com/products/daily-care-17mg-cbd-oil",""
"72","Recess CBD Sparkling Water","https://takearecess.com/shop/sparkling-water","200","https://takearecess.com/shop/sparkling-water",""
"115","CBDfx Sky High Mid Dose Sugar-Free Gummies","https://cbdx.com/products/sky-high-premium-sugar-free-hybrid-gummies","200","https://cbdx.com/products/sky-high-premium-sugar-free-hybrid-gummies",""
"110","Focus & Attention Gummies (Ginkgo Biloba)","https://www.charlottesweb.com/products/focus-attention-cbg-gummies","200","https://www.charlottesweb.com/products/focus-attention-cbg-gummies",""
"111","Focus & Attention CBG Gummies","https://www.charlottesweb.com/products/focus-attention-cbg-gummies","200","https://www.charlottesweb.com/products/focus-attention-cbg-gummies",""
"47","Foria Intimacy Melts","https://www.foriawellness.com/products/intimacy-melts-cbd","200","https://www.foriawellness.com/products/intimacy-melts-cbd",""
"34","Cann Original — Lemon Lavender","https://drinkcann.com/products/the-cann","200","https://drinkcann.com/products/the-cann",""
"39","Wynk Seltzer — Black Cherry Hibiscus (2.5 mg THC)","https://drinkwynk.com/products/black-cherry-fizz","200","https://drinkwynk.com/products/black-cherry-fizz",""
"40","Wynk Seltzer — Lime Twist (5 mg THC)","https://drinkwynk.com/products/lime-twist","200","https://drinkwynk.com/products/lime-twist",""
"43","Cycling Frog THC Seltzer — Watermelon (5 mg THC)","https://cyclingfrog.com/products/variety-pack-thc-seltzer","403","https://cyclingfrog.com/products/variety-pack-thc-seltzer",""
"45","Cycling Frog THC Seltzer — Peach Ginger (5 mg THC)","https://cyclingfrog.com/products/variety-pack-thc-seltzer","403","https://cyclingfrog.com/products/variety-pack-thc-seltzer",""
"44","Cycling Frog THC Seltzer — Blackberry Lemon (5 mg THC)","https://cyclingfrog.com/products/variety-pack-thc-seltzer","403","https://cyclingfrog.com/products/variety-pack-thc-seltzer",""
"41","Wynk Seltzer — Black Cherry (2.5 mg THC)","https://drinkwynk.com/products/black-cherry-fizz?variant=41691568275523","200","https://drinkwynk.com/products/black-cherry-fizz?variant=41691568275523",""
"51","Hello Again Everyday Suppository","https://helloagainproducts.com/product/menopause-30-day-subscription/","200","https://helloagainproducts.com/product/mind-30-day-subscription/",""
"68","oOYes Roll Baby Roll","https://www.ooyes.love/product-page/roll-baby-roll","200","https://www.ooyes.love/product-page/roll-baby-roll-sex-oil",""
"69","oOYes Going Down","https://www.ooyes.love/product-page/going-down-oral-sex-elixir","200","https://www.ooyes.love/product-page/going-down-oral-sex-elixir",""
"86","Margarita 5mg THC Seltzer","https://www.cornbreadhemp.com/collections/thc-seltzers","403","https://www.cornbreadhemp.com/collections/thc-seltzers",""
"75","CBD Sleep Gummies","https://joyorganics.com/products/cbd-sleep-gummies","200","https://joyorganics.com/products/cbd-sleep-gummies",""
"65","Foria Daily Blend CBD Oil (formerly Ned)","https://www.foriawellness.com/products/daily-blend?variant=46866996756654","200","https://www.foriawellness.com/products/daily-blend?variant=46866996756654",""
"77","Sleep THC Gummies 200mg","https://www.cornbreadhemp.com/collections/sleep","403","https://www.cornbreadhemp.com/collections/sleep",""
"82","Broad-Spectrum CBD Oil Unflavored","https://joyorganics.com/products/unflavored-organic-full-spectrum-cbd-tincture","200","https://joyorganics.com/products/unflavored-organic-full-spectrum-cbd-tincture",""
"85","Blueberry Breeze 5mg THC Seltzer","https://www.cornbreadhemp.com/collections/thc-seltzers","403","https://www.cornbreadhemp.com/collections/thc-seltzers",""
"93","R&R 5mg THC + 10mg CBD Gummies","https://www.rrmeds.com/products/thc-gummies?srsltid=AfmBOopJ-CQ3DeE362fCuN-G-Nlfoci8hemlLhfMcqnLnAnPo_rbCIYj","200","https://www.rrmeds.com/products/thc-gummies?srsltid=AfmBOopJ-CQ3DeE362fCuN-G-Nlfoci8hemlLhfMcqnLnAnPo_rbCIYj",""
"104","Daily Moisturizing Lotion 1200mg","https://partneredprocess.com/products/partners-daily-moisturizing-lotion-1200mg-cbd-unscented","200","https://partneredprocess.com/products/partners-daily-moisturizing-lotion-1200mg-cbd-unscented",""
"107","R&R Pain Gummies","https://www.rrmeds.com/products/cbd-pain-gummies?srsltid=AfmBOopKWjMN_6xieaO1PQUty7Gow-rdbPl9N6KvjC9s-_u-8-ePT8e1","200","https://www.rrmeds.com/products/cbd-pain-gummies?srsltid=AfmBOopKWjMN_6xieaO1PQUty7Gow-rdbPl9N6KvjC9s-_u-8-ePT8e1",""
"101","Muscle + Joint Blood Orange Gummies","https://goldnaturalshemp.com/products/muscle-joint-gummy","200","https://goldnaturalshemp.com/products/muscle-joint-gummy",""
"106","R&R 30mg Multifunctional CBD Gummies","https://www.rrmeds.com/products/multifunctional-cbd-gummies","200","https://www.rrmeds.com/products/multifunctional-cbd-gummies",""
"102","Extra Strength Balm 100mg","https://www.pluscbdoil.com/cbd-products/balms/cbdoilbalm.html","200","https://www.pluscbdoil.com/cbd-products/balms/cbdoilbalm.html",""
"73","Koi CBD Sleep Cherry Gummies","https://koicbd.com/collections/cbd-gummies/products/product-koi-cbn-gummies","200","https://koicbd.com/collections/cbd-gummies/products/product-koi-cbn-gummies",""
"74","THC + CBN Sleep Gummies","https://www.rarecannabinoidco.com/product/thc-cbn-sleep-gummies/","200","https://www.rarecannabinoidco.com/product/thc-cbn-sleep-gummies/",""
"79","TribeTokes CBD+CBN Sleep Gummies","https://tribetokes.com/product-item/cbd-sleep-gummies/","200","https://tribetokes.com/product-item/cbd-sleep-gummies/",""
"83","Mood Gummies","https://joyorganics.com/products/organic-full-spectrum-gummies-raspberry-lemonade","200","https://joyorganics.com/products/organic-full-spectrum-gummies-raspberry-lemonade",""
"103","Muscle Rub 300mg","https://partneredprocess.com/search?q=Muscle+Rub+300mg&sort_by=relevance","200","https://partneredprocess.com/search?q=Muscle+Rub+300mg&sort_by=relevance",""
"36","Cann Hi-Boy — Blood Orange Cardamom","https://drinkcann.com/products/the-hi-boy","200","https://drinkcann.com/products/the-hi-boy",""
"37","Cann Roadie — Variety Pack","https://drinkcann.com/products/the-roadie","200","https://drinkcann.com/products/the-roadie",""
"38","Wynk Seltzer — Juicy Mango (2.5 mg THC)","https://drinkwynk.com/products/juicy-mango","200","https://drinkwynk.com/products/juicy-mango",""
"42","Cycling Frog THC Seltzer — Tropical Punch (5 mg THC)","https://cyclingfrog.com/products/variety-pack-thc-seltzer","403","https://cyclingfrog.com/products/variety-pack-thc-seltzer",""
"81","CBDfx Lights Out Mid Dose Sugar-Free Gummies","https://cbdx.com/products/lights-out-premium-sugar-free-sleep-gummies","200","https://cbdx.com/products/lights-out-premium-sugar-free-sleep-gummies",""
"97","CBDfx Spaced Out Low Dose Sugar-Free Gummies","https://cbdx.com/products/spaced-out-premium-sugar-free-indica-gummies","200","https://cbdx.com/products/spaced-out-premium-sugar-free-indica-gummies",""
"98","CBDfx Spaced Out Mid Dose Sugar-Free Gummies","https://cbdx.com/products/spaced-out-premium-sugar-free-indica-gummies","200","https://cbdx.com/products/spaced-out-premium-sugar-free-indica-gummies",""